field_id,yield
T00001,4264.720544548798
T00002,4273.00645968159
T00003,4275.167216089994
T00004,4242.15253747232
T00005,4204.828285536107
T00006,4243.310668179777
T00007,4263.1690491763875
T00008,4247.321734266111
T00009,4251.28375631827
T00010,4320.194037704813
T00011,4197.1909342234085
T00012,4209.160763104939
T00013,4263.873369150012
T00014,4190.66597919087
T00015,4273.945840879401
T00016,4215.373009126973
T00017,4246.909387906675
T00018,4227.439389551185
T00019,4186.973064902011
T00020,4251.4895652691885
T00021,4260.238910859843
T00022,4257.534108297294
T00023,4254.875818288967
T00024,4269.978275892283
T00025,4291.0862826639195
T00026,4276.68955523984
T00027,4247.397332279723
T00028,4218.035249728591
T00029,4260.8690035550735
T00030,4269.407548595751
T00031,4216.131558318046
T00032,4226.185009043567
T00033,4240.998326869463
T00034,4329.694329750281
T00035,4261.471428650613
T00036,4245.508575481562
T00037,4201.866460841177
T00038,4205.782645246231
T00039,4282.506931039793
T00040,4222.771477544311
T00041,4245.330505831973
T00042,4287.2581255013665
T00043,4263.489834220287
T00044,4318.156815967632
T00045,4233.070833784234
T00046,4223.9922140640065
T00047,4246.115564347298
T00048,4260.298842961842
T00049,4279.833207353441
T00050,4197.655725007577
T00051,4274.87378001019
T00052,4287.289301571152
T00053,4219.391716866381
T00054,4257.702781948738
T00055,4255.00988921529
T00056,4239.000339916662
T00057,4246.2993808149795
T00058,4238.095196931967
T00059,4182.720955825281
T00060,4227.926404320084
T00061,4182.7244129020255
T00062,4217.634279110916
T00063,4235.151864042057
T00064,4241.708253855147
T00065,4325.686750475601
T00066,4261.7868016951315
T00067,4253.034357284018
T00068,4239.902966793335
T00069,4205.39645655402
T00070,4215.642538600692
T00071,4240.873053163555
T00072,4207.549443842541
T00073,4266.430456240617
T00074,4250.776830464584
T00075,4214.107794434153
T00076,4271.363980978709
T00077,4239.682074092895
T00078,4245.670626915639
T00079,4259.136303229298
T00080,4279.933440884139
T00081,4200.200677459113
T00082,4183.831660411328
T00083,4283.498648391347
T00084,4232.665623319249
T00085,4259.703315951571
T00086,4260.6874843110745
T00087,4226.303699994855
T00088,4289.890575705288
T00089,4196.201996443904
T00090,4278.412749007896
T00091,4294.153909749361
T00092,4267.690115797848
T00093,4269.684918645985
T00094,4294.296989123981
T00095,4247.070876303147
T00096,4274.221626775241
T00097,4291.581106029028
T00098,4267.620652017046
T00099,4263.105462063456
T00100,4276.537766854093
T00101,4259.260575694883
T00102,4271.169551092164
T00103,4270.948155055531
T00104,4256.103370783531
T00105,4286.335132239517
T00106,4228.390851354536
T00107,4280.850041798284
T00108,4306.646954735307
T00109,4293.406538849039
T00110,4221.114492578105
T00111,4290.025610518542
T00112,4198.565703589487
T00113,4245.597771721411
T00114,4260.287610073535
T00115,4255.044042494004
T00116,4232.1284507158325
T00117,4269.709764462163
T00118,4300.271181720137
T00119,4273.090771274053
T00120,4266.122605780786
T00121,4243.6911931827135
T00122,4288.270775227491
T00123,4218.969943360482
T00124,4283.009745951031
T00125,4238.043233327269
T00126,4224.941652202678
T00127,4256.487893358267
T00128,4243.793929833723
T00129,4249.868929882772
T00130,4304.907290331143
T00131,4247.502369888192
T00132,4170.877898880475
T00133,4294.953247453327
T00134,4286.870680573811
T00135,4263.754759072894
T00136,4272.772090055392
T00137,4267.879258778537
T00138,4244.2840732976765
T00139,4279.4127504177095
T00140,4193.340330398537
T00141,4207.093753681638
T00142,4231.937319880506
T00143,4301.527233326829
T00144,4222.260201737359
T00145,4283.611222477921
T00146,4247.031465981214
T00147,4287.594971229945
T00148,4239.027309199873
T00149,4206.001935744994
T00150,4201.321271587759
T00151,4254.667594887267
T00152,4231.8073660037
T00153,4290.067138454499
T00154,4329.513891644728
T00155,4203.1846831650655
T00156,4270.734785317122
T00157,4269.8601533072
T00158,4263.319125004158
T00159,4231.678146140397
T00160,4319.500212159112
T00161,4247.845059099131
T00162,4295.449406611254
T00163,4275.114995871261
T00164,4267.277353647663
T00165,4222.9829172765285
T00166,4260.392688267743
T00167,4254.733809897663
T00168,4243.920866230759
T00169,4226.715167019003
T00170,4279.941235830368
T00171,4267.552071992309
T00172,4347.73754547139
T00173,4238.771932217795
T00174,4252.18358343502
T00175,4234.761545324778
T00176,4269.51959262892
T00177,4211.041262355268
T00178,4191.511707664073
T00179,4241.657328242553
T00180,4215.659490258294
T00181,4255.787502964004
T00182,4294.2013674803275
T00183,4322.500427281268
T00184,4243.807350847278
T00185,4241.973120725696
T00186,4232.283775260676
T00187,4244.494943120132
T00188,4277.011027134563
T00189,4276.689017058754
T00190,4212.6923912595785
T00191,4278.8057735973025
T00192,4254.191975856446
T00193,4261.195697390415
T00194,4247.822305360558
T00195,4274.3968297427755
T00196,4231.90596368871
T00197,4253.3686249353495
T00198,4245.450932268424
T00199,4269.401416869512
T00200,4240.370342531845
T00201,4243.472911433096
T00202,4220.534759269274
T00203,4281.607734458292
T00204,4175.0620464987405
T00205,4241.584843150567
T00206,4257.599014444614
T00207,4215.365030896506
T00208,4266.0347096738315
T00209,4305.727505948686
T00210,4304.749111879165
T00211,4245.480554694152
T00212,4275.048668004902
T00213,4181.720477929423
T00214,4238.451671900838
T00215,4272.619109462771
T00216,4292.935056901487
T00217,4250.927565604755
T00218,4241.591893853462
T00219,4242.536544950738
T00220,4253.02283108627
T00221,4272.295792561798
T00222,4265.753330410829
T00223,4275.516101115586
T00224,4270.220036201681
T00225,4243.45151092951
T00226,4265.075952997259
T00227,4229.424579547805
T00228,4254.553337272509
T00229,4240.756495357428
T00230,4238.202607044079
T00231,4247.47851047337
T00232,4187.057044590457
T00233,4249.751464514841
T00234,4237.182920904434
T00235,4242.323778448014
T00236,4270.580292354395
T00237,4276.443533773687
T00238,4223.9638887163155
T00239,4197.0365354241
T00240,4206.027158535868
T00241,4268.257746858494
T00242,4327.689312125621
T00243,4258.674906679052
T00244,4243.043498332288
T00245,4277.404524641557
T00246,4255.14056504646
T00247,4237.3916130546995
T00248,4219.465320111341
T00249,4290.632280257371
T00250,4373.781095149194
T00251,4244.9851568346485
T00252,4211.907454766918
T00253,4251.672183180261
T00254,4254.391664110971
T00255,4247.58989778819
T00256,4275.875442497864
T00257,4284.783061650036
T00258,4272.107444890132
T00259,4234.3831368171495
T00260,4275.269562686244
T00261,4302.121281094718
T00262,4228.836244705323
T00263,4266.840432103621
T00264,4281.977191502207
T00265,4265.842602585351
T00266,4262.344371974422
T00267,4211.6337833830985
T00268,4310.384881448185
T00269,4220.375695909654
T00270,4250.622366912774
T00271,4262.730853012121
T00272,4252.758720425483
T00273,4305.024445080533
T00274,4235.242024138202
T00275,4285.713233363182
T00276,4219.333259788841
T00277,4217.225536320368
T00278,4250.405705337535
T00279,4242.677729892445
T00280,4271.843969796754
T00281,4246.863155372311
T00282,4233.966422617359
T00283,4235.650842548972
T00284,4220.045024607605
T00285,4242.403984047963
T00286,4227.207138813837
T00287,4160.0616110057235
T00288,4279.612796409123
T00289,4244.324360644063
T00290,4301.312367704095
T00291,4183.905780806367
T00292,4310.348050600271
T00293,4240.201253828223
T00294,4249.147488761576
T00295,4243.873129544995
T00296,4171.324494283859
T00297,4266.964464339735
T00298,4276.940508824752
T00299,4257.612717853118
T00300,4283.130917454665
T00301,4277.022009437063
T00302,4283.5876426418245
T00303,4248.638675299855
T00304,4232.782183052675
T00305,4268.416131524829
T00306,4281.426994461053
T00307,4264.862854617438
T00308,4278.863570301081
T00309,4242.649272188553
T00310,4266.365300081299
T00311,4240.820220038333
T00312,4228.949020180628
T00313,4245.973744066656
T00314,4185.990790144385
T00315,4291.014311193859
T00316,4208.094899523765
T00317,4233.0635238604655
T00318,4255.101099634047
T00319,4264.200837155422
T00320,4238.077155936346
T00321,4251.975602579305
T00322,4287.091829730776
T00323,4246.275161524388
T00324,4210.558713680354
T00325,4282.733400904975
T00326,4263.50796794954
T00327,4236.855477077975
T00328,4328.453052654523
T00329,4273.9958811032675
T00330,4322.363631506471
T00331,4204.6995540459875
T00332,4239.596547985527
T00333,4219.968432821247
T00334,4267.211114904483
T00335,4244.180109375031
T00336,4251.125499890816
T00337,4270.893869253287
T00338,4273.7792343711535
T00339,4200.871711241005
T00340,4225.4175528072265
T00341,4246.064791401082
T00342,4235.7939897560545
T00343,4304.804558756288
T00344,4270.573298086736
T00345,4265.720732051591
T00346,4270.931055531511
T00347,4248.627113500484
T00348,4220.185302288849
T00349,4218.694649471844
T00350,4246.343811004725
T00351,4234.467435157581
T00352,4281.178096682968
T00353,4270.127975760604
T00354,4251.525804418822
T00355,4263.169264651941
T00356,4276.31119871468
T00357,4268.083608141318
T00358,4200.582011792565
T00359,4281.720234360698
T00360,4235.164853487838
T00361,4255.1355102148445
T00362,4271.676442437932
T00363,4230.781568004822
T00364,4259.122895883516
T00365,4255.078394947133
T00366,4271.521309245399
T00367,4212.074643051474
T00368,4284.817281825649
T00369,4237.855475384013
T00370,4251.386353549026
T00371,4262.733975216058
T00372,4284.752122149644
T00373,4237.565547989555
T00374,4273.420736077841
T00375,4244.555966960484
T00376,4224.216845152647
T00377,4261.546683914971
T00378,4276.881033259102
T00379,4261.828534379116
T00380,4302.263838676179
T00381,4279.984865600525
T00382,4246.805326663449
T00383,4306.9053596751955
T00384,4253.9918893082395
T00385,4250.60904716051
T00386,4260.2740151143635
T00387,4232.360182175526
T00388,4280.678729265624
T00389,4285.925689205738
T00390,4247.000662027142
T00391,4251.398220615695
T00392,4285.89615337384
T00393,4224.201418675797
T00394,4271.058527488647
T00395,4211.147444647294
T00396,4269.387225459379
T00397,4244.483415764323
T00398,4211.695554862518
T00399,4279.174071824954
T00400,4247.259147400324
T00401,4231.078252303614
T00402,4261.314406976386
T00403,4215.22047996536
T00404,4250.789992963219
T00405,4363.630858129637
T00406,4230.909455418991
T00407,4231.566187694088
T00408,4288.958362469062
T00409,4251.4941101655695
T00410,4268.674649734267
T00411,4282.216582866303
T00412,4251.771811086428
T00413,4265.956618239859
T00414,4188.01008449477
T00415,4260.4976360406035
T00416,4233.484632449172
T00417,4231.1382436035365
T00418,4259.0642465017345
T00419,4150.497920507452
T00420,4272.717558061868
T00421,4214.3687542070675
T00422,4291.943747286071
T00423,4277.1224779404865
T00424,4235.845079624494
T00425,4262.353233834324
T00426,4251.204010690731
T00427,4192.7538508052085
T00428,4246.055763093187
T00429,4235.969856245769
T00430,4255.581105406884
T00431,4246.33441132949
T00432,4244.894869567276
T00433,4251.20365294023
T00434,4277.575580291461
T00435,4265.294401546031
T00436,4258.553668649965
T00437,4237.4622379132425
T00438,4267.028910082393
T00439,4282.442494200702
T00440,4230.174555790777
T00441,4263.027834323361
T00442,4233.082791782527
T00443,4251.399907370126
T00444,4289.411331494787
T00445,4270.590902611669
T00446,4284.278967553575
T00447,4258.0825800819675
T00448,4253.476381701408
T00449,4277.807206550624
T00450,4224.780599137075
T00451,4286.926452861624
T00452,4266.74886380412
T00453,4233.002818114514
T00454,4253.766849762787
T00455,4297.58125367583
T00456,4263.252026460615
T00457,4232.221340259624
T00458,4271.345254705035
T00459,4202.534577888599
T00460,4215.565689985478
T00461,4250.1766164440305
T00462,4221.226116399657
T00463,4264.2056196751555
T00464,4274.780774782027
T00465,4198.3515668868295
T00466,4221.749342495916
T00467,4232.665416668941
T00468,4273.498866706438
T00469,4277.835608118523
T00470,4267.450175058319
T00471,4260.448937061075
T00472,4218.631165766886
T00473,4273.913457497841
T00474,4248.682716219041
T00475,4232.464667620303
T00476,4206.260117169091
T00477,4204.477987952717
T00478,4282.603668027006
T00479,4265.550905707452
T00480,4258.878793217055
T00481,4252.21572948407
T00482,4261.062723340462
T00483,4234.305008687422
T00484,4237.110993828419
T00485,4273.28020165439
T00486,4225.255384289182
T00487,4262.219467617456
T00488,4259.887221169072
T00489,4241.628195728738
T00490,4223.619115923475
T00491,4263.336718688878
T00492,4247.616318326274
T00493,4277.917406300408
T00494,4262.7845324629625
T00495,4247.484365687287
T00496,4267.496572456234
T00497,4274.879743444513
T00498,4228.468593830676
T00499,4312.441702027721
T00500,4250.663515084321
T00501,4255.836075326314
T00502,4289.062204069944
T00503,4247.774094256356
T00504,4256.596479459396
T00505,4255.553958996887
T00506,4205.956499799291
T00507,4258.651106219638
T00508,4252.411473630923
T00509,4272.063288087937
T00510,4217.806741233526
T00511,4244.913813246571
T00512,4249.337449855457
T00513,4250.677162978135
T00514,4250.8403158221345
T00515,4169.208676527028
T00516,4250.9247221274445
T00517,4249.780620734341
T00518,4271.386127721607
T00519,4200.467385851308
T00520,4261.0714062957595
T00521,4242.2655159968635
T00522,4224.969318277511
T00523,4244.091716478322
T00524,4253.801252700576
T00525,4245.7664109284715
T00526,4242.476124405868
T00527,4282.9370189316305
T00528,4215.982451494619
T00529,4226.5094709554
T00530,4257.440437887903
T00531,4265.970904316261
T00532,4216.345340841652
T00533,4258.478992380403
T00534,4236.90477450212
T00535,4280.475395797047
T00536,4241.344632676829
T00537,4247.376390491943
T00538,4212.768385187023
T00539,4264.753393744949
T00540,4256.210095608442
T00541,4262.456547116206
T00542,4265.352567603375
T00543,4241.315103174444
T00544,4296.058244225607
T00545,4208.3090494449825
T00546,4292.246404418785
T00547,4233.847385698247
T00548,4265.742074803555
T00549,4244.184361405744
T00550,4227.459842053656
T00551,4256.971448123296
T00552,4253.510667934297
T00553,4253.58358070726
T00554,4237.000962067418
T00555,4249.649512513573
T00556,4223.603642001624
T00557,4218.6733633842605
T00558,4215.81482463356
T00559,4245.41371269534
T00560,4243.4158164837045
T00561,4245.896747231436
T00562,4257.256476138585
T00563,4269.525919323925
T00564,4232.1372615389755
T00565,4240.514753187202
T00566,4259.252120142239
T00567,4256.710516961927
T00568,4210.878783396267
T00569,4247.918290031998
T00570,4217.776351922805
T00571,4239.974423313707
T00572,4273.808752263026
T00573,4233.438739761998
T00574,4242.89394619958
T00575,4273.144085000893
T00576,4210.821955237265
T00577,4280.211684046472
T00578,4240.694912862443
T00579,4297.967879016198
T00580,4255.615043966076
T00581,4255.035460948176
T00582,4259.950086062015
T00583,4269.401019349931
T00584,4288.029185056577
T00585,4232.678156204528
T00586,4372.464782803638
T00587,4260.3315195815785
T00588,4299.719960727581
T00589,4196.502710929278
T00590,4294.402145443948
T00591,4225.824293385316
T00592,4278.945786924543
T00593,4223.363407209374
T00594,4262.013440456502
T00595,4266.45486902224
T00596,4273.3869662015095
T00597,4250.273698361903
T00598,4259.822811083474
T00599,4298.915492655793
T00600,4205.660618070001
T00601,4225.727877549874
T00602,4184.496756275112
T00603,4298.475609619951
T00604,4280.011469936948
T00605,4250.383454119865
T00606,4274.187392882082
T00607,4225.231919018692
T00608,4231.292662267364
T00609,4245.757066354486
T00610,4238.8586696153325
T00611,4254.476198988142
T00612,4207.089804588694
T00613,4270.037420773426
T00614,4304.393751880569
T00615,4271.767766145026
T00616,4231.482769187527
T00617,4202.093269498057
T00618,4300.5968430469275
T00619,4246.424677967172
T00620,4278.4489249376775
T00621,4281.499948588472
T00622,4216.417850505387
T00623,4228.932602420118
T00624,4276.076913392231
T00625,4255.762542391921
T00626,4237.955699453387
T00627,4179.64479190531
T00628,4244.50186426191
T00629,4225.874489093622
T00630,4223.073247675573
T00631,4265.558605427261
T00632,4247.495785348711
T00633,4232.192132776107
T00634,4279.540917695179
T00635,4247.481660163347
T00636,4239.398854957286
T00637,4286.751803711438
T00638,4282.076083310903
T00639,4261.031666404706
T00640,4217.427816879451
T00641,4305.997967565312
T00642,4244.9661026482345
T00643,4289.449008444841
T00644,4257.808467776546
T00645,4271.752025236422
T00646,4272.477935114263
T00647,4282.60470392162
T00648,4258.786622589418
T00649,4274.012346347843
T00650,4252.49584707277
T00651,4302.241402843758
T00652,4269.1919802219345
T00653,4215.649090996569
T00654,4300.164379143024
T00655,4257.4666422634755
T00656,4244.513914428587
T00657,4265.762630061159
T00658,4279.126097405016
T00659,4225.153268750059
T00660,4260.293997719642
T00661,4248.738447119182
T00662,4281.368387295113
T00663,4249.704376025738
T00664,4310.42517758412
T00665,4192.958291227309
T00666,4266.919075776115
T00667,4254.961674579599
T00668,4285.794772790864
T00669,4207.052313086963
T00670,4221.975581539349
T00671,4283.1639674287035
T00672,4266.179904327362
T00673,4227.90855412599
T00674,4264.113482972079
T00675,4262.740578023556
T00676,4223.7271696722155
T00677,4263.555302511729
T00678,4220.691587858435
T00679,4187.025943523211
T00680,4260.989141286802
T00681,4244.948190202612
T00682,4256.831606553337
T00683,4232.754535803328
T00684,4242.898179021047
T00685,4260.321423540743
T00686,4217.290734434703
T00687,4216.078984679812
T00688,4261.659838171704
T00689,4265.625175828677
T00690,4310.050855353145
T00691,4226.453146363679
T00692,4261.945932307211
T00693,4160.119849205112
T00694,4199.034156499086
T00695,4266.7804188634955
T00696,4292.237898432896
T00697,4241.70619262197
T00698,4259.158506067951
T00699,4255.454129293412
T00700,4246.084965050261
T00701,4258.402267211385
T00702,4273.123329871277
T00703,4207.471432834621
T00704,4246.282304423683
T00705,4277.287669129696
T00706,4221.200378545578
T00707,4253.961280144016
T00708,4257.86931344322
T00709,4301.354656031558
T00710,4209.59321168526
T00711,4271.90129291369
T00712,4259.806159030663
T00713,4216.241791418264
T00714,4237.786844040624
T00715,4241.161814866483
T00716,4228.086264321016
T00717,4277.578307424679
T00718,4317.939602791243
T00719,4273.583577247604
T00720,4266.521341638317
T00721,4228.2334624720015
T00722,4303.4025892674845
T00723,4264.369825424914
T00724,4270.421409904573
T00725,4255.633663067379
T00726,4273.917242166158
T00727,4247.315792084041
T00728,4287.851379199072
T00729,4291.642655740882
T00730,4221.144523834788
T00731,4287.257879800248
T00732,4273.244760011815
T00733,4169.767238707451
T00734,4242.276912182523
T00735,4238.226117225832
T00736,4242.040409313605
T00737,4193.3033155695675
T00738,4290.503560819155
T00739,4249.507953702542
T00740,4253.986265358431
T00741,4234.298581682454
T00742,4191.178240505725
T00743,4269.230209721325
T00744,4202.843050674457
T00745,4238.7667761046105
T00746,4258.798815735377
T00747,4261.668718640986
T00748,4289.775702804419
T00749,4242.684513520706
T00750,4250.77385560692
T00751,4214.640874292347
T00752,4241.02404034861
T00753,4259.114446160946
T00754,4203.89844787346
T00755,4217.922252915887
T00756,4256.21826194659
T00757,4245.063578371477
T00758,4214.439667595195
T00759,4259.990210714695
T00760,4242.201698243291
T00761,4222.379558803736
T00762,4276.512440556805
T00763,4258.189096678745
T00764,4285.2231078568175
T00765,4309.632631143588
T00766,4257.070926218482
T00767,4260.8654826063
T00768,4261.4051158333305
T00769,4219.037098873352
T00770,4253.610541788003
T00771,4240.800030414731
T00772,4263.353302554734
T00773,4277.857727849673
T00774,4241.201028529969
T00775,4240.294533690723
T00776,4221.731272878927
T00777,4239.7951355541845
T00778,4265.591054725315
T00779,4254.803569439377
T00780,4248.335250153215
T00781,4186.487660939512
T00782,4248.037696167618
T00783,4238.763607638612
T00784,4257.096049214059
T00785,4250.431712717528
T00786,4246.595931357501
T00787,4236.1830290151465
T00788,4239.977315604552
T00789,4272.992021913469
T00790,4369.490747854061
T00791,4274.089934371209
T00792,4223.358850507591
T00793,4296.214591372135
T00794,4261.895361865789
T00795,4256.542715978298
T00796,4270.264186611961
T00797,4238.286938857725
T00798,4246.802269562581
T00799,4261.584655750319
T00800,4226.367077880906
T00801,4284.903368099891
T00802,4217.927111297528
T00803,4290.443264899467
T00804,4260.333162368345
T00805,4255.589197184028
T00806,4239.406447684959
T00807,4237.513757463581
T00808,4262.99215884027
T00809,4254.027574880518
T00810,4211.275583261903
T00811,4243.8198491156245
T00812,4213.775747413071
T00813,4291.299679716237
T00814,4234.602405544315
T00815,4247.100422925192
T00816,4232.093834529684
T00817,4241.880514055144
T00818,4241.534135448472
T00819,4225.96714879642
T00820,4220.235658894449
T00821,4291.108635335269
T00822,4248.119113802273
T00823,4250.926994952979
T00824,4278.030885657822
T00825,4227.841583805498
T00826,4235.814778377358
T00827,4229.723369564815
T00828,4228.090929547868
T00829,4272.110512732287
T00830,4164.745572350883
T00831,4253.999506411113
T00832,4267.135152181814
T00833,4205.72687649507
T00834,4214.769410528186
T00835,4252.454918093192
T00836,4241.977777197628
T00837,4310.379178676453
T00838,4178.312771458743
T00839,4360.520741177405
T00840,4249.066318164193
T00841,4234.904161098233
T00842,4248.555174314884
T00843,4256.928203355633
T00844,4242.598641367009
T00845,4221.627440705636
T00846,4228.194268064566
T00847,4283.068254709112
T00848,4219.200543222946
T00849,4254.974097222627
T00850,4206.907772516314
T00851,4293.944084108745
T00852,4287.920734751108
T00853,4216.595757608676
T00854,4230.127526611154
T00855,4248.7891533120455
T00856,4261.479445330481
T00857,4226.508534628909
T00858,4340.931375363703
T00859,4276.1806452751225
T00860,4270.494641280713
T00861,4281.438430288554
T00862,4214.120354806367
T00863,4262.944821154323
T00864,4284.307453749247
T00865,4265.761311615337
T00866,4232.301721418319
T00867,4245.126817873791
T00868,4275.617882022506
T00869,4246.111869132547
T00870,4267.9986370940105
T00871,4262.702429240257
T00872,4289.687387285387
T00873,4244.0300233852395
T00874,4248.927859283708
T00875,4253.44041163056
T00876,4272.59733458872
T00877,4281.006043211745
T00878,4269.769944845338
T00879,4234.26703280528
T00880,4255.368847852268
T00881,4243.426047901703
T00882,4244.718902182737
T00883,4219.409363349196
T00884,4257.444866592392
T00885,4215.840621433801
T00886,4258.429663068896
T00887,4271.832735860931
T00888,4266.668428882883
T00889,4257.001226933569
T00890,4228.57575607238
T00891,4232.502420713351
T00892,4220.411116799161
T00893,4193.467813015732
T00894,4272.458285353434
T00895,4221.749391946805
T00896,4269.7924826143435
T00897,4254.127626534374
T00898,4253.586514318936
T00899,4273.643082077348
T00900,4293.773381103417
T00901,4245.024987657956
T00902,4287.529777959939
T00903,4168.276539051958
T00904,4243.758893777381
T00905,4243.22012010507
T00906,4274.00744688948
T00907,4234.742121145638
T00908,4224.987635256377
T00909,4248.776317047315
T00910,4278.350441129878
T00911,4277.914346088482
T00912,4250.649140218802
T00913,4273.525914102245
T00914,4235.845618970709
T00915,4237.549124534545
T00916,4236.5341034711855
T00917,4249.294497078468
T00918,4259.514199673813
T00919,4271.614571616859
T00920,4215.896159130742
T00921,4253.789546110862
T00922,4325.7353575278285
T00923,4231.69041157876
T00924,4241.665272556277
T00925,4265.67667813947
T00926,4276.103933580019
T00927,4209.2106080389085
T00928,4233.6905487031945
T00929,4291.694613117412
T00930,4278.1661429598435
T00931,4225.526758356122
T00932,4323.007273922848
T00933,4253.296510356704
T00934,4278.358219135848
T00935,4270.553918674229
T00936,4261.650567147126
T00937,4285.89726881367
T00938,4242.752914153473
T00939,4237.872583516889
T00940,4216.814067879083
T00941,4226.348764344322
T00942,4240.284687930337
T00943,4245.763438657631
T00944,4282.044288237032
T00945,4227.353665493372
T00946,4258.538061237553
T00947,4219.556577588254
T00948,4261.9899335255095
T00949,4285.866621212412
T00950,4223.430125741811
T00951,4249.4485840316565
T00952,4242.522072087271
T00953,4272.505839888702
T00954,4310.030790005045
T00955,4274.609094573091
T00956,4240.736321086694
T00957,4268.978155230545
T00958,4237.180452729061
T00959,4213.960538055947
T00960,4174.961882973554
T00961,4232.583694160884
T00962,4256.965409880283
T00963,4275.831479548842
T00964,4229.843304213989
T00965,4249.820650270297
T00966,4289.4785281400145
T00967,4231.689820727825
T00968,4220.807001969786
T00969,4230.735561070497
T00970,4254.047882101731
T00971,4260.442342778255
T00972,4266.236883597618
T00973,4222.04401891007
T00974,4247.853014810218
T00975,4238.732019656945
T00976,4227.65639434066
T00977,4233.95160588579
T00978,4199.274856545996
T00979,4266.252341994783
T00980,4266.0200686648095
T00981,4282.323860100707
T00982,4243.859514699476
T00983,4203.5017105654115
T00984,4314.592786115105
T00985,4268.113099557921
T00986,4226.751535976127
T00987,4197.20618806247
T00988,4225.105845415431
T00989,4285.290860526468
T00990,4248.611626423888
T00991,4244.324528172977
T00992,4302.274151738173
T00993,4242.751779482283
T00994,4300.505132475322
T00995,4271.539290540171
T00996,4239.3399289152485
T00997,4241.661922491741
T00998,4299.452110544135
T00999,4232.771521238541
T01000,4248.189697463992
T01001,4292.879167279669
T01002,4258.2887096412915
T01003,4251.850495659196
T01004,4259.958795617158
T01005,4246.709598852427
T01006,4218.664076933963
T01007,4255.856229080401
T01008,4271.996831256937
T01009,4265.095471710895
T01010,4287.466219988588
T01011,4267.763451930948
T01012,4229.078137544635
T01013,4242.418996938458
T01014,4209.531494452991
T01015,4260.325558435946
T01016,4238.993355502598
T01017,4303.3656416902095
T01018,4244.983752993592
T01019,4249.860649855683
T01020,4294.10465097124
T01021,4225.432778827659
T01022,4201.487269187225
T01023,4272.868435160017
T01024,4234.809204124885
T01025,4246.242014134148
T01026,4278.532812183096
T01027,4276.363573122301
T01028,4245.54328499042
T01029,4248.914870155793
T01030,4278.057165477971
T01031,4252.078051365576
T01032,4260.912791828742
T01033,4291.083350811774
T01034,4252.744366422721
T01035,4262.829837224612
T01036,4228.011719972509
T01037,4266.262546710317
T01038,4262.601209356498
T01039,4195.651007891429
T01040,4255.618151321025
T01041,4244.863888951486
T01042,4235.215829894601
T01043,4268.736163460083
T01044,4251.514374450759
T01045,4222.044854975679
T01046,4255.166476993289
T01047,4211.8368238526955
T01048,4257.603611240735
T01049,4288.531809725083
T01050,4296.58472197399
T01051,4258.279417108919
T01052,4237.892987708905
T01053,4250.1344210919915
T01054,4243.1815237985675
T01055,4250.581766196331
T01056,4258.023174079552
T01057,4258.062196017842
T01058,4209.664265946348
T01059,4261.307360827616
T01060,4247.30366368122
T01061,4241.128504934162
T01062,4222.96386354166
T01063,4292.989407131115
T01064,4236.856928751609
T01065,4264.291355872401
T01066,4241.770131994056
T01067,4199.3652002654135
T01068,4238.085164492229
T01069,4372.646525858545
T01070,4299.967286523563
T01071,4275.638902660797
T01072,4252.44038701985
T01073,4242.814288139243
T01074,4285.039407745451
T01075,4247.24954427777
T01076,4224.6150087580845
T01077,4240.589509926695
T01078,4206.563253097505
T01079,4266.140592857219
T01080,4243.774330974713
T01081,4251.385355290392
T01082,4257.124459588864
T01083,4272.733398537949
T01084,4263.7408128059
T01085,4209.016480089238
T01086,4290.219436633535
T01087,4221.444705194028
T01088,4174.581536511788
T01089,4259.068884561282
T01090,4233.580489336943
T01091,4211.928711180393
T01092,4240.064442140286
T01093,4218.854558947471
T01094,4210.697626238085
T01095,4202.466274822034
T01096,4262.915524537878
T01097,4197.503224223897
T01098,4279.198789681357
T01099,4278.120888135725
T01100,4250.610501727167
T01101,4270.411180681309
T01102,4184.613793573424
T01103,4270.1340399134815
T01104,4259.4737049140695
T01105,4171.504802732573
T01106,4243.169425164842
T01107,4247.673774651582
T01108,4275.31484823831
T01109,4213.844926223683
T01110,4239.484754485346
T01111,4250.853462904324
T01112,4255.185520781792
T01113,4259.338703572393
T01114,4292.687660458956
T01115,4230.039612035112
T01116,4223.662815287854
T01117,4250.890475364901
T01118,4295.332673348369
T01119,4201.555242857537
T01120,4248.74517550962
T01121,4241.275256032372
T01122,4295.056065492449
T01123,4221.4585414382445
T01124,4274.64929384673
T01125,4217.288864357899
T01126,4270.536081203637
T01127,4246.938865549784
T01128,4210.979039676028
T01129,4236.995054783872
T01130,4200.94641664897
T01131,4296.5344776633665
T01132,4247.612007539709
T01133,4255.088296520091
T01134,4279.7089365307465
T01135,4245.032912979589
T01136,4202.154635231154
T01137,4230.9597657871545
T01138,4268.651088548353
T01139,4273.566137919603
T01140,4382.250051730873
T01141,4281.6733081864
T01142,4257.390468833443
T01143,4274.597172339408
T01144,4297.985099254423
T01145,4265.839411509184
T01146,4251.495059282794
T01147,4268.042982619455
T01148,4270.1662994709195
T01149,4242.961215482416
T01150,4279.5670957694265
T01151,4252.551287328691
T01152,4273.524265251176
T01153,4252.138890786126
T01154,4228.86423047298
T01155,4255.5877440485665
T01156,4247.973464078934
T01157,4301.935168014678
T01158,4235.932283350091
T01159,4246.439098184116
T01160,4239.14961936243
T01161,4280.9195826767445
T01162,4220.5429105147205
T01163,4226.0491419449245
T01164,4265.144551321053
T01165,4233.804740266752
T01166,4285.046906342538
T01167,4267.548112102772
T01168,4206.495040659234
T01169,4275.903923733248
T01170,4275.217946985899
T01171,4257.638110387453
T01172,4207.224569550962
T01173,4254.722191041711
T01174,4205.238294341671
T01175,4298.271066258759
T01176,4291.335953813095
T01177,4206.8698058437885
T01178,4268.319178087845
T01179,4243.136839969155
T01180,4257.921080080853
T01181,4247.395395705792
T01182,4215.784931233593
T01183,4237.512735579002
T01184,4266.568288008749
T01185,4215.383416776822
T01186,4323.5890169374015
T01187,4260.715201429552
T01188,4242.017608019028
T01189,4288.203224675162
T01190,4233.333804845745
T01191,4269.0312512819355
T01192,4234.66436799658
T01193,4208.49075777129
T01194,4237.392257563797
T01195,4231.470743080138
T01196,4234.546291976301
T01197,4199.079696945346
T01198,4222.719660624826
T01199,4233.310189495046
T01200,4214.094424086661
T01201,4249.799853785474
T01202,4250.2810599378145
T01203,4253.590541030462
T01204,4265.547092032058
T01205,4244.015510043674
T01206,4249.390227408459
T01207,4199.988823170388
T01208,4282.103411057964
T01209,4238.952900837421
T01210,4243.898348359342
T01211,4220.28498963587
T01212,4264.319666461629
T01213,4257.833568234795
T01214,4259.221183786603
T01215,4280.523247753007
T01216,4195.669521386179
T01217,4178.525223103709
T01218,4273.285750905503
T01219,4245.805690326322
T01220,4250.07107802302
T01221,4253.753280327251
T01222,4280.646988513322
T01223,4216.425126296621
T01224,4213.626607331997
T01225,4221.196169911811
T01226,4259.2407064293675
T01227,4222.13417343674
T01228,4341.994055264018
T01229,4252.618401449905
T01230,4276.128024547354
T01231,4281.099099530734
T01232,4236.136227094646
T01233,4262.808924783301
T01234,4289.214338986002
T01235,4221.54492747672
T01236,4231.748054282213
T01237,4239.352290139412
T01238,4215.268353631924
T01239,4236.5267788199735
T01240,4238.137377260732
T01241,4215.346987106607
T01242,4251.61223029285
T01243,4286.214269068846
T01244,4347.93414550482
T01245,4248.80314346201
T01246,4266.171211899395
T01247,4201.815810165835
T01248,4273.346710887202
T01249,4237.405572915621
T01250,4235.826099406066
T01251,4268.904303715706
T01252,4217.357064196704
T01253,4276.768132888619
T01254,4228.7585645116205
T01255,4235.704484356448
T01256,4248.55692009144
T01257,4302.435111099812
T01258,4280.871169637719
T01259,4239.377760193494
T01260,4232.41278246989
T01261,4221.155727871341
T01262,4267.245617009997
T01263,4266.088669702202
T01264,4204.4111125153095
T01265,4254.835071983621
T01266,4331.35021167051
T01267,4232.679005508402
T01268,4265.95271823529
T01269,4233.854195246104
T01270,4249.070872442728
T01271,4255.642844652737
T01272,4230.879121743222
T01273,4261.848919122446
T01274,4248.681796224962
T01275,4265.82967149447
T01276,4232.52356342567
T01277,4275.487023538486
T01278,4245.367857668244
T01279,4282.269440293635
T01280,4260.438060013958
T01281,4231.407570693342
T01282,4244.298357751656
T01283,4209.1391706512995
T01284,4239.503137261614
T01285,4258.738761724098
T01286,4268.272934808541
T01287,4263.885840757242
T01288,4285.6780819129035
T01289,4269.817607289456
T01290,4290.124952200502
T01291,4183.7090113287595
T01292,4226.847907344674
T01293,4322.593305414133
T01294,4275.779772728084
T01295,4223.340128457522
T01296,4172.956258484741
T01297,4216.085406679809
T01298,4234.849928450012
T01299,4270.732570621252
T01300,4242.632206186384
T01301,4196.317512381784
T01302,4396.837140208094
T01303,4212.956929943274
T01304,4277.807419237149
T01305,4251.837903706738
T01306,4278.46295588993
T01307,4252.863702358936
T01308,4296.796388729254
T01309,4284.63504106198
T01310,4278.63830516811
T01311,4284.958047028176
T01312,4239.414852641552
T01313,4228.0533370041385
T01314,4335.527913341203
T01315,4268.0620095627855
T01316,4266.215782550039
T01317,4257.613831877391
T01318,4221.972336898906
T01319,4251.104543024879
T01320,4242.4154513025105
T01321,4241.509778347804
T01322,4171.129764676459
T01323,4242.502506519157
T01324,4239.26382438429
T01325,4293.69368359872
T01326,4247.576115316399
T01327,4249.863136160224
T01328,4264.909029559661
T01329,4278.014700420546
T01330,4252.366352846165
T01331,4262.386610655963
T01332,4255.04377102205
T01333,4252.585531601303
T01334,4241.363702343133
T01335,4297.272286265535
T01336,4254.251016817449
T01337,4282.95742687325
T01338,4238.949566689222
T01339,4228.39005388852
T01340,4271.90364326561
T01341,4244.737338262181
T01342,4261.252768720859
T01343,4272.301995490893
T01344,4232.26614557854
T01345,4318.453982158243
T01346,4273.834639431147
T01347,4219.387056201051
T01348,4242.126814511529
T01349,4203.7227829393205
T01350,4270.560014309747
T01351,4237.992258879942
T01352,4318.050065723486
T01353,4241.038389576304
T01354,4261.0894648923195
T01355,4212.760917895233
T01356,4254.390171569209
T01357,4236.484234859663
T01358,4246.462134310734
T01359,4263.640205264407
T01360,4247.086502648946
T01361,4241.14082112893
T01362,4194.555510681221
T01363,4275.497382052394
T01364,4244.855404536451
T01365,4293.452074777064
T01366,4290.597743191698
T01367,4270.8776260579525
T01368,4256.830399409504
T01369,4258.309825139725
T01370,4248.94348869646
T01371,4237.572543194602
T01372,4257.654951454046
T01373,4277.065553054763
T01374,4262.643974407958
T01375,4261.5863584115
T01376,4254.291195912557
T01377,4272.716459726658
T01378,4233.809340288385
T01379,4294.014718403647
T01380,4240.638291327715
T01381,4213.982120784177
T01382,4206.882179037921
T01383,4226.082507416199
T01384,4243.279409276492
T01385,4202.790139419683
T01386,4256.419331769101
T01387,4277.155379122645
T01388,4254.447788359291
T01389,4211.708448190584
T01390,4225.185521462337
T01391,4222.256620224178
T01392,4268.76086923761
T01393,4281.712850081864
T01394,4231.738796308073
T01395,4307.706796066992
T01396,4285.750343893654
T01397,4232.645741847535
T01398,4255.8478962847785
T01399,4247.238587885349
T01400,4256.7206663625875
T01401,4219.43881355811
T01402,4199.95201505924
T01403,4207.899677298132
T01404,4245.991563522432
T01405,4235.842416798091
T01406,4193.581744913226
T01407,4217.27831957763
T01408,4271.440091700938
T01409,4244.298482452113
T01410,4203.852782507707
T01411,4266.351136343458
T01412,4239.643020675843
T01413,4227.738371827135
T01414,4262.40295080792
T01415,4250.205044986596
T01416,4218.609477174058
T01417,4241.472641137478
T01418,4257.476761627529
T01419,4304.236363501648
T01420,4179.420156467975
T01421,4240.0366469000755
T01422,4287.625394963023
T01423,4249.9632808179185
T01424,4216.358461751382
T01425,4194.435571421873
T01426,4253.543254792547
T01427,4239.756814916398
T01428,4246.610803376557
T01429,4216.398686141748
T01430,4244.397313669396
T01431,4275.2254155977735
T01432,4268.153357550038
T01433,4214.911234631327
T01434,4266.599542475329
T01435,4281.3127262214475
T01436,4280.7591426854015
T01437,4234.849994133546
T01438,4260.223641161988
T01439,4250.632653003616
T01440,4227.6740350016025
T01441,4250.085108475345
T01442,4216.534236986137
T01443,4171.121490039023
T01444,4321.632897864832
T01445,4216.260246846492
T01446,4270.265861354618
T01447,4258.852990875294
T01448,4264.721097566135
T01449,4256.225634011869
T01450,4250.953811699218
T01451,4247.727771015029
T01452,4252.86853151539
T01453,4269.561113790655
T01454,4250.986722833949
T01455,4245.118888518574
T01456,4242.113336888195
T01457,4247.286482057653
T01458,4248.303870346457
T01459,4248.375187758665
T01460,4260.798606915997
T01461,4286.460959090291
T01462,4261.842862638382
T01463,4280.370009106318
T01464,4257.8852638265325
T01465,4147.558662308675
T01466,4247.53964579141
T01467,4211.601649018739
T01468,4276.458647904222
T01469,4291.89925884115
T01470,4237.10869192164
T01471,4262.01713254405
T01472,4334.596923885903
T01473,4274.641640584936
T01474,4234.347314397015
T01475,4268.847095967557
T01476,4225.1881867902885
T01477,4250.096082720351
T01478,4309.277096286287
T01479,4275.229937212206
T01480,4238.597065103032
T01481,4252.327759889195
T01482,4240.161173630978
T01483,4251.120313728991
T01484,4283.325164471291
T01485,4231.975501256758
T01486,4237.934737046792
T01487,4224.909048618119
T01488,4199.4042567533215
T01489,4263.101905047828
T01490,4248.847229132716
T01491,4231.622831398399
T01492,4249.650722224822
T01493,4216.614681117606
T01494,4272.40913510167
T01495,4261.13156822282
T01496,4249.413279583033
T01497,4293.256263436659
T01498,4243.278340694005
T01499,4268.316843108741
T01500,4235.250312830067
T01501,4204.969753967371
T01502,4257.671643695979
T01503,4197.371611200599
T01504,4257.552430870902
T01505,4259.12985066573
T01506,4226.907542932895
T01507,4254.192981585571
T01508,4246.852597393972
T01509,4240.56187254969
T01510,4225.52864510704
T01511,4267.113377940818
T01512,4226.737718275112
T01513,4321.827905952595
T01514,4227.395791572552
T01515,4246.823559626696
T01516,4275.563055637541
T01517,4223.969363679601
T01518,4254.505878618327
T01519,4202.536834848482
T01520,4284.417583182229
T01521,4312.984921008878
T01522,4272.865186885533
T01523,4300.912783247153
T01524,4209.394616692166
T01525,4221.215467392958
T01526,4246.416752366404
T01527,4212.210247700459
T01528,4269.041364048731
T01529,4248.466706987751
T01530,4249.444063964549
T01531,4231.639561394277
T01532,4278.848500966859
T01533,4224.056100211983
T01534,4220.11491123391
T01535,4250.6191346815995
T01536,4226.869443353331
T01537,4265.776594932317
T01538,4233.7581979467395
T01539,4238.817424892981
T01540,4248.7862639835375
T01541,4283.045501957393
T01542,4282.812157953196
T01543,4227.793230822397
T01544,4210.993372443844
T01545,4239.058028488554
T01546,4291.336509839094
T01547,4244.836731274086
T01548,4289.857120030013
T01549,4245.182333756447
T01550,4282.362295884439
T01551,4254.011221243761
T01552,4230.46754501735
T01553,4248.849438848477
T01554,4273.981169881493
T01555,4211.0579140081945
T01556,4227.258502802167
T01557,4255.912448536982
T01558,4247.113419555594
T01559,4256.307058495407
T01560,4252.7362312143005
T01561,4269.459856308942
T01562,4291.911822121011
T01563,4315.75322198497
T01564,4221.466769125152
T01565,4269.135940288332
T01566,4267.761710724972
T01567,4264.302742900274
T01568,4293.383865221947
T01569,4245.4765681688905
T01570,4253.9568777513905
T01571,4243.984261980736
T01572,4274.042195765632
T01573,4210.973369399085
T01574,4298.556822916497
T01575,4248.054148274564
T01576,4255.000556823599
T01577,4227.869137947952
T01578,4220.916941792726
T01579,4225.658820998129
T01580,4255.1994100009815
T01581,4283.364298162145
T01582,4260.477948310217
T01583,4265.154606700988
T01584,4235.834570770836
T01585,4300.834597302109
T01586,4236.474643046668
T01587,4260.453111198347
T01588,4258.473798072282
T01589,4244.835309743974
T01590,4239.719327767222
T01591,4241.4365878999015
T01592,4194.707968308123
T01593,4250.988042294921
T01594,4244.315066990978
T01595,4305.5443552534925
T01596,4249.521581075694
T01597,4217.395420484709
T01598,4230.168400463434
T01599,4218.449239471699
T01600,4282.213637069922
T01601,4189.521088409943
T01602,4242.3272375577435
T01603,4257.586994755741
T01604,4258.204345515752
T01605,4274.412587882032
T01606,4204.653303777174
T01607,4250.339980297836
T01608,4260.2585667029
T01609,4283.151625571112
T01610,4272.164976230849
T01611,4268.032804334239
T01612,4243.127231392606
T01613,4281.378742393219
T01614,4243.817509996485
T01615,4268.028633155417
T01616,4207.181970466872
T01617,4250.286690204778
T01618,4223.042594469457
T01619,4228.8913179625015
T01620,4236.04791366241
T01621,4257.142685729634
T01622,4317.585949138904
T01623,4301.075642717286
T01624,4241.87511260184
T01625,4263.409960262685
T01626,4263.381425305677
T01627,4271.6759112690615
T01628,4250.473635566227
T01629,4268.053772987457
T01630,4269.193155089035
T01631,4255.4654252192295
T01632,4292.384227906264
T01633,4280.610082475382
T01634,4252.6140800062185
T01635,4236.9829773042175
T01636,4285.379180313205
T01637,4239.230771835772
T01638,4210.885401882788
T01639,4225.985294974227
T01640,4171.3240953361965
T01641,4247.179217379027
T01642,4227.89180112742
T01643,4243.307501312274
T01644,4271.769263846023
T01645,4263.627858498232
T01646,4227.906542988631
T01647,4251.339358299047
T01648,4276.467176899551
T01649,4258.908849643154
T01650,4321.295044558714
T01651,4296.797249131738
T01652,4203.400911846012
T01653,4261.088511937178
T01654,4219.2872273916555
T01655,4243.863409594684
T01656,4242.191741117823
T01657,4235.413205723784
T01658,4259.505122018438
T01659,4241.44065245868
T01660,4282.55596951208
T01661,4310.174304102667
T01662,4240.007758746879
T01663,4212.640983074874
T01664,4178.576974306138
T01665,4273.136619220987
T01666,4260.953276491329
T01667,4239.594640059708
T01668,4279.777492824131
T01669,4189.718996306639
T01670,4268.753720284709
T01671,4230.783733250333
T01672,4194.857168861415
T01673,4275.630715683703
T01674,4258.041664656385
T01675,4256.767982156783
T01676,4235.73168560689
T01677,4190.522556121801
T01678,4238.911344829645
T01679,4255.223932904588
T01680,4282.480161939106
T01681,4228.776705923845
T01682,4264.013362138712
T01683,4233.294667436149
T01684,4230.832024890879
T01685,4278.606469994711
T01686,4255.109218337431
T01687,4277.86251155189
T01688,4262.652415877256
T01689,4210.977817689065
T01690,4257.248500094553
T01691,4268.590558569976
T01692,4230.361566839277
T01693,4269.183040894645
T01694,4273.98557372044
T01695,4224.043621747697
T01696,4251.8227338787
T01697,4307.910922680948
T01698,4234.346492626782
T01699,4242.2400829513535
T01700,4235.369847181786
T01701,4274.173367148576
T01702,4258.45223108619
T01703,4289.005614182466
T01704,4231.830653157132
T01705,4226.718133318302
T01706,4271.2017852965955
T01707,4252.781183323352
T01708,4222.30003063273
T01709,4268.321338179797
T01710,4242.7595858095665
T01711,4151.226420112949
T01712,4249.81768796941
T01713,4251.015735737501
T01714,4284.265206172518
T01715,4249.428992183541
T01716,4226.434887687773
T01717,4270.257104435792
T01718,4195.627389169243
T01719,4291.370942595553
T01720,4274.693801811511
T01721,4284.536803752368
T01722,4242.947508893718
T01723,4234.449911943257
T01724,4220.094161354069
T01725,4242.216404583425
T01726,4257.906467080992
T01727,4226.061980270327
T01728,4235.917217408733
T01729,4209.3839262208
T01730,4248.745892632844
T01731,4172.937167551382
T01732,4265.696410097688
T01733,4268.4461361521835
T01734,4265.914156702864
T01735,4268.739979388145
T01736,4213.896662774113
T01737,4263.857076220464
T01738,4285.080091974454
T01739,4257.806485076137
T01740,4257.793107228066
T01741,4210.108441754784
T01742,4265.612714627881
T01743,4218.938327413824
T01744,4306.908991569539
T01745,4153.755863023415
T01746,4223.5523676726225
T01747,4146.604442930769
T01748,4273.197652735923
T01749,4248.479575218187
T01750,4252.971439974753
T01751,4239.988732611805
T01752,4218.32043961191
T01753,4286.84970841464
T01754,4249.505778288021
T01755,4207.4679347560195
T01756,4248.4050799055185
T01757,4179.75357559151
T01758,4280.967645793588
T01759,4199.527101741391
T01760,4207.230584368413
T01761,4203.1406352285285
T01762,4349.350016859689
T01763,4238.506652325667
T01764,4240.227017360244
T01765,4244.192334474211
T01766,4285.332099049917
T01767,4267.202699726072
T01768,4275.328098430765
T01769,4222.108503279592
T01770,4248.969921119959
T01771,4265.144305415152
T01772,4231.371281273892
T01773,4256.414190657063
T01774,4202.929765891857
T01775,4270.174411049219
T01776,4239.502930762053
T01777,4250.604060851021
T01778,4248.334731415495
T01779,4267.906469365161
T01780,4268.939436505086
T01781,4223.885453677805
T01782,4291.637008405938
T01783,4200.504743555034
T01784,4237.636649859745
T01785,4230.134743117816
T01786,4240.911362438827
T01787,4256.894469956064
T01788,4277.465944900091
T01789,4243.903513491549
T01790,4235.723403244834
T01791,4203.377906638993
T01792,4279.712483505447
T01793,4240.780497985997
T01794,4238.469505387887
T01795,4275.7726079108
T01796,4181.687797678459
T01797,4259.525525824307
T01798,4311.819966692589
T01799,4279.661846688913
T01800,4264.738788489509
T01801,4256.837540397083
T01802,4245.575707818236
T01803,4244.405666594756
T01804,4184.438662612025
T01805,4238.7937371633625
T01806,4246.098922116455
T01807,4257.048598242478
T01808,4235.957841742565
T01809,4215.100932504208
T01810,4178.146318324046
T01811,4259.250623880506
T01812,4296.737194799633
T01813,4218.902870482433
T01814,4226.102043058563
T01815,4224.887270858936
T01816,4261.920452289164
T01817,4266.97716471465
T01818,4242.817665531781
T01819,4241.296089554234
T01820,4204.364400986377
T01821,4292.479649926605
T01822,4214.079589404507
T01823,4241.773293798491
T01824,4248.894100727991
T01825,4235.15768974634
T01826,4274.39299592557
T01827,4214.670988736301
T01828,4247.939833309198
T01829,4235.195129698811
T01830,4277.3468361342
T01831,4252.791883585514
T01832,4248.057150624051
T01833,4190.764082939846
T01834,4256.521271308464
T01835,4273.04741230718
T01836,4246.0253884465
T01837,4265.593751486733
T01838,4212.999771684781
T01839,4277.812809535035
T01840,4281.407874301087
T01841,4207.1430579097005
T01842,4224.363905930244
T01843,4294.858946968076
T01844,4238.38592939343
T01845,4263.081533557165
T01846,4252.092502800012
T01847,4210.493288751331
T01848,4246.211904059684
T01849,4265.555857432816
T01850,4278.072549773353
T01851,4267.820947831585
T01852,4265.623379282827
T01853,4258.022547604112
T01854,4210.523601389788
T01855,4239.234459042114
T01856,4322.561675069668
T01857,4266.82319545975
T01858,4278.884006120927
T01859,4284.358850445471
T01860,4256.330125323915
T01861,4272.104320578508
T01862,4259.428396260768
T01863,4214.6775427095745
T01864,4258.842369047387
T01865,4197.15090249936
T01866,4274.604606540148
T01867,4268.850130780982
T01868,4256.341506195189
T01869,4216.984037108405
T01870,4251.997964645949
T01871,4249.880163991327
T01872,4241.159534160725
T01873,4208.546957370892
T01874,4242.693613929594
T01875,4229.905337032472
T01876,4243.549055551416
T01877,4229.291612888658
T01878,4207.6012437222425
T01879,4244.68719780517
T01880,4253.39988412805
T01881,4285.186158766632
T01882,4277.956484846709
T01883,4284.621948198378
T01884,4243.1246641739035
T01885,4223.1427649184425
T01886,4253.021877028581
T01887,4193.125127289141
T01888,4257.771469937451
T01889,4228.463124714257
T01890,4210.544132371362
T01891,4215.537209904665
T01892,4272.983076564327
T01893,4257.495885543445
T01894,4236.4997361422
T01895,4257.88701339605
T01896,4244.204952678033
T01897,4246.058080108294
T01898,4251.977896996537
T01899,4244.7431331896605
T01900,4254.92052600914
T01901,4250.401766174993
T01902,4238.75231747136
T01903,4273.726852513169
T01904,4263.156485483669
T01905,4284.263572196375
T01906,4194.540658975237
T01907,4210.282620843383
T01908,4274.4517703392785
T01909,4301.606282188739
T01910,4255.220470769613
T01911,4196.315722786552
T01912,4249.598591663139
T01913,4166.355095832721
T01914,4256.159710635941
T01915,4255.146387955805
T01916,4271.834636078128
T01917,4227.824603105523
T01918,4253.282915909284
T01919,4278.177351726153
T01920,4263.405812329531
T01921,4267.629370653475
T01922,4263.044386040342
T01923,4267.944352354642
T01924,4284.756976459989
T01925,4244.229431565474
T01926,4313.1561473361735
T01927,4230.321291978024
T01928,4228.539228630546
T01929,4260.464924405485
T01930,4248.308517919493
T01931,4247.597704923444
T01932,4231.07913211788
T01933,4268.061589599636
T01934,4213.088620590082
T01935,4239.252187714547
T01936,4304.104791476954
T01937,4218.589151158108
T01938,4247.536581706419
T01939,4223.878493639895
T01940,4226.81595453301
T01941,4269.851961933204
T01942,4249.398948989697
T01943,4240.7176683992
T01944,4250.219665979194
T01945,4239.053207381292
T01946,4253.434928505955
T01947,4262.498285237315
T01948,4223.718763673894
T01949,4253.21511841181
T01950,4226.900949131013
T01951,4201.705414708769
T01952,4312.481908867444
T01953,4258.436897024263
T01954,4268.757483732177
T01955,4209.199033962147
T01956,4247.189640728489
T01957,4250.239501246307
T01958,4253.105311253717
T01959,4294.976892293555
T01960,4266.461045409934
T01961,4249.383670114135
T01962,4306.24675803935
T01963,4289.509160613259
T01964,4235.5732711308965
T01965,4244.834285849763
T01966,4288.273294971687
T01967,4228.603177865124
T01968,4306.199727890283
T01969,4276.228196206282
T01970,4221.648176523839
T01971,4253.348039604034
T01972,4251.413270541746
T01973,4205.244357829329
T01974,4218.986613853552
T01975,4249.229100685018
T01976,4247.373817863701
T01977,4281.0920651257975
T01978,4230.639557364844
T01979,4213.157083700012
T01980,4276.416187075103
T01981,4269.40182791913
T01982,4224.81888669247
T01983,4287.7525790281625
T01984,4272.73563442439
T01985,4264.559954328961
T01986,4254.850614663094
T01987,4215.931306965973
T01988,4274.686088448259
T01989,4213.106301401133
T01990,4225.8646823497675
T01991,4220.111495199357
T01992,4272.798876195711
T01993,4267.5301103649945
T01994,4255.532245581058
T01995,4311.39883466191
T01996,4270.71872317297
T01997,4264.840210120614
T01998,4217.997430981806
T01999,4216.322604367932
T02000,4233.062794196385
